Node1,Node2,Weight
camaldule,grandis,0.1354718258324925
clementin,sinensis,0.1932379897121641
parvulum,thalian,0.29190976992454176
parvulum,rapa,0.2933603295137094
parvulum,rubella,0.29380388846088334
lyrata,thalian,0.3120803352992454
raimondii,sinensis,0.3319738259543815
sinensis,vinifera,0.33754152041441754
parvulum,sinensis,0.3616401564693795
cacao,sinensis,0.3624537096849292
papaya,sinensis,0.36909423991592216
grandis,parvulum,0.37121079954728553
halophilu,parvulum,0.37717837275568933
