Node1,Node2,Weight
cacao,sinensis,0.38409166813546625
sinensis,clementin,0.24023369212530732
sinensis,raimondii,0.3508270485918251
sinensis,vinifera,0.3574409835277538
sinensis,rapa,0.39040979415939137
rapa,parvulum,0.3494200519506947
rapa,rubella,0.3547467530511892
parvulum,thalian,0.3556937578802154
thalian,lyrata,0.36383781071739096
sinensis,papaya,0.39325218583011445
sinensis,camaldule,0.39499164996451963
camaldule,grandis,0.1722886670770173
parvulum,halophilu,0.4162095004443336
