Node1,Node2,Weight
camaldule,grandis,0.09384465741655035
clementin,sinensis,0.13753908488699096
parvulum,thalian,0.21783621801216957
parvulum,rubella,0.22375179758837993
parvulum,rapa,0.23292751011747737
lyrata,thalian,0.25764460945678047
raimondii,sinensis,0.3160634664345665
sinensis,vinifera,0.32030599044415253
parvulum,sinensis,0.326483409397633
halophilu,parvulum,0.3370782241906559
grandis,parvulum,0.34011634382028777
cacao,sinensis,0.3418007015470017
papaya,sinensis,0.34653682961474874
