Node1,Node2,Weight
cacao,sinensis,0.3624537096849292
sinensis,clementin,0.1932379897121641
sinensis,raimondii,0.3319738259543815
sinensis,vinifera,0.33754152041441754
sinensis,parvulum,0.3616401564693795
parvulum,thalian,0.29190976992454176
parvulum,rapa,0.2933603295137094
parvulum,rubella,0.29380388846088334
thalian,lyrata,0.3120803352992454
sinensis,papaya,0.36909423991592216
parvulum,grandis,0.37121079954728553
grandis,camaldule,0.1354718258324925
parvulum,halophilu,0.37717837275568933
