Node1,Node2,Weight
cacao,sinensis,0.34889720521055445
sinensis,clementin,0.16012287584108564
sinensis,raimondii,0.3219511455329088
sinensis,vinifera,0.3265276548342576
sinensis,parvulum,0.33916929756091485
parvulum,thalian,0.24696850508657053
parvulum,rubella,0.2503982456731946
parvulum,rapa,0.25606348247199984
thalian,lyrata,0.2787715862040039
parvulum,grandis,0.35111195120951877
grandis,camaldule,0.11033714213850943
parvulum,halophilu,0.3515526603056268
sinensis,papaya,0.35337542354757756
