Node1,Node2,Weight
camaldule,grandis,0.11033714213850943
clementin,sinensis,0.16012287584108564
parvulum,thalian,0.24696850508657053
parvulum,rubella,0.2503982456731946
parvulum,rapa,0.25606348247199984
lyrata,thalian,0.2787715862040039
raimondii,sinensis,0.3219511455329088
sinensis,vinifera,0.3265276548342576
parvulum,sinensis,0.33916929756091485
cacao,sinensis,0.34889720521055445
grandis,parvulum,0.35111195120951877
halophilu,parvulum,0.3515526603056268
papaya,sinensis,0.35337542354757756
