Node1,Node2,Weight
camaldule,grandis,0.1722886670770173
clementin,sinensis,0.24023369212530732
parvulum,rapa,0.3494200519506947
raimondii,sinensis,0.3508270485918251
rapa,rubella,0.3547467530511892
parvulum,thalian,0.3556937578802154
sinensis,vinifera,0.3574409835277538
lyrata,thalian,0.36383781071739096
cacao,sinensis,0.38409166813546625
rapa,sinensis,0.39040979415939137
papaya,sinensis,0.39325218583011445
camaldule,sinensis,0.39499164996451963
halophilu,parvulum,0.4162095004443336
