Node1,Node2,Weight
cacao,sinensis,0.3418007015470017
sinensis,clementin,0.13753908488699096
sinensis,raimondii,0.3160634664345665
sinensis,vinifera,0.32030599044415253
sinensis,parvulum,0.326483409397633
parvulum,thalian,0.21783621801216957
parvulum,rubella,0.22375179758837993
parvulum,rapa,0.23292751011747737
thalian,lyrata,0.25764460945678047
parvulum,halophilu,0.3370782241906559
parvulum,grandis,0.34011634382028777
grandis,camaldule,0.09384465741655035
sinensis,papaya,0.34653682961474874
